"Test Name","Rate","totalEvents","successes","expectedResultCount","failures","avgTotalTime","avgEventsPerSec","%","totalBytesConsumed","avgBytesConsumedPerMessage"
"1000 e/s","1000","10000","820002","10000","-810002","10614.0","77256.64217071793","77.25664217071792","0","0.0"
"2000 e/s","2000","20000","20000","20000","0","10772.0","2030.2507359658919","1.015125367982946","0","0.0"
"3000 e/s","2000","20000","20000","20000","0","10618.0","2015.1133501259446","1.0075566750629723","0","0.0"
""
""
"Total Testing Time: 00:43.203"
