"Test Name","Rate","totalEvents","successes","expectedResultCount","failures","avgTotalTime","avgEventsPerSec","%","totalBytesConsumed","avgBytesConsumedPerMessage"
"1000 e/s","1000","10000","10000","10000","0","10632.0","1062.1348911311736","1.0621348911311737","0","0.0"
"2000 e/s","2000","20000","20000","20000","0","10727.0","2063.344681729083","1.0316723408645414","0","0.0"
"3000 e/s","2000","20000","20000","20000","0","11635.0","1859.427296392711","0.9297136481963555","0","0.0"
""
""
"Total Testing Time: 00:39.697"
