"Test Name","Rate","totalEvents","successes","expectedResultCount","failures","avgTotalTime","avgEventsPerSec","%","totalBytesConsumed","avgBytesConsumedPerMessage"
"1000 e/s","1000","10000","10000","10000","0","11055.0","957.5792396820837","0.9575792396820837","0","0.0"
"2000 e/s","2000","20000","20000","20000","0","11211.0","1892.6847733509983","0.9463423866754992","0","0.0"
"3000 e/s","2000","20000","20000","20000","0","10857.0","2010.4543626859672","1.0052271813429836","0","0.0"
""
""
"Total Testing Time: 00:40.096"
