"Test Name","Rate","totalEvents","successes","expectedResultCount","failures","avgTotalTime","avgEventsPerSec","%","totalBytesConsumed","avgBytesConsumedPerMessage"
"1000 e/s","1000","10000","10000","10000","0","12762.0","867.6789587852495","0.8676789587852495","0","0.0"
"2000 e/s","2000","20000","20000","20000","0","11289.0","1771.6361059438393","0.8858180529719196","0","0.0"
"3000 e/s","2000","20000","20000","20000","0","10835.0","1969.8611247907022","0.9849305623953512","0","0.0"
""
""
"Total Testing Time: 00:40.666"
